Reaction,Flux
MIPCS324_SC,9.081439046081361e-06
MIPCS326_SC,5.932211532027975e-06
NADH2_u6mh,1.1705696614431984
GLCCERS16d8,4.179638180927913e-07
GLCCERS16m9,4.059092029985313e-07
GLCCERS18,1.5572306867380265e-07
GLCCERS18d4,2.412332915354245e-07
GLCCERS18d8,1.5890238528638231e-06
GLCCERS18m9,4.239629277098762e-06
CERS116,9.421171943993546e-07
CERS118,7.69971919422844e-06
CER4DS16,9.977766507625796e-08
CER4DS18,3.4441013196003206e-07
CER4DS2d16,8.423395293230966e-07
CER4DS2d18,6.328693884137159e-06
FAcoaRavge,0.008661783517106196
STERYLEST,0.0004103667870807579
DESAT182,0.001853621672660726
CER8DS16,3.600643990614392e-08
CER8DS18,9.777821039975425e-08
CER8DS2d16,8.238730210913226e-07
CER8DS2d18,5.892261797841926e-06
CER9MET16,4.059092029985313e-07
CER9MET18,4.239629277098762e-06
CERavg,1.6255729077265876e-06
CERS2d16,8.423395293230966e-07
CERS2d18,6.484416952810961e-06
CERS424,6.415093084182828e-07
CERS426,4.494453094130514e-07
GLCCERavg,7.049482511263135e-06
IPCavg,7.775870405070094e-06
IPCS118_PP,7.736991053044744e-07
IPCS424_PP,6.415093084182828e-07
IPCS426_PP,4.494453094130514e-07
MIP2Cavg,7.775870405070094e-06
mip2cs424_pp,8.320181333425e-08
MIPCavg,7.775870405070094e-06
MIPCS424_SC,3.5846762567373135e-07
MIPCS426_SC,1.7962260635711917e-07
SPHLIPIDS,3.1999466687531254e-05
CLPNtm,9.95281873879722e-06
NADHter,0.002086294899528823
NADter,-0.002086294899528823
NADPHter,0.001932117706453643
NADPter,-0.001932117706453643
3C4MOPtm,0.02527137369169134
AASAD2,0.02309705095523088
ACtp,0.08741281833285862
AHMMPS,8.37244026365147e-08
CITtap,0.08741281833285862
DDPAm,0.024122842336328824
DESAT18_2,0.004200965005796505
DOLPt2er,-0.028457924456022687
E4Ptm,0.024122842336328824
HYPOE,5.5816268292504155e-08
MALOAAtp,0.08741281833285862
MANNANter,-0.028457924456022687
MGSA,0.008130045231955485
CERH124,1.3726044005736979e-05
CERH126,9.634786239835227e-06
CERS324,1.3506690989538489e-05
CERS326,9.49756599878789e-06
CYOR_u6m,4.49410196772295
PDXPHT,-5.5816268292504155e-08
IPCS224_PP,1.3218979688619162e-07
IPCS226_PP,1.065294245494603e-07
IPCS324_PP,1.2421952972099474e-05
IPCS326_PP,8.802285298539347e-06
MIP2CS324_PP,4.572989385221722e-06
MIP2CS326_PP,3.1196792065141216e-06
2DDA7Ptm,-0.024122842336328824
2OXOADPtim,0.02309705095523088
4ABZtm,8.372440263304526e-08
ACACT1m,0.012518271743588752
ACSm,0.0438883145465212
ACSp,0.08741281833285862
ADK1,0.2940872593922253
AKGDam,0.2243248419665037
ALDD2y,0.22731424742122325
ASPt2m,0.0336450645274774
ATPtm_H,8.022674134599939
BTNt2i,8.372440263613617e-08
CITtbm,-0.024122842336328824
DESAT16,0.00028583885606450445
DHPSm,8.372440263304526e-08
DHPTtm,-8.372440263304526e-08
D_LACtm,0.010561714148663581
dolpmmer,0.028457924456022687
DROPPRy,1.6744880527227235e-07
DRTPPD,1.6744880527227235e-07
ERGSTter,0.001932117706453643
ERGTETROLter,0.001932117706453643
FBA3,0.005118593942771386
GCALDtm,-8.372440263304526e-08
GLCt1,0.72
GLUK,0.2971428279395497
H2Oter,-0.002086294899528823
HCO3E,0.34504654628456755
HICITDm,0.02309705095523088
HMGCOASm,-0.012518271743588752
HMPK1,8.37244026365147e-08
ICDHxm,0.2798856348249994
ICDHym,0.0766628119414805
IPPSm,0.02527137369169134
MEVK2,0.003021859880979201
MTHFC,-0.05021583420272451
MTHFCm,0.014954830647625613
NADH2_u6cm,3.029122620254183
O2ter,0.002086294899528823
OMCDCm,0.02527137369169134
OXAGm,0.02309705095523088
PAtm_PP,1.990563747759444e-05
PFK_3,0.005118593942771386
PIt2m,7.998501193272304
PPNCL2,8.745507919738493e-06
PYAM5PO,-5.5816268292504155e-08
PYDXO,-5.5816268292504155e-08
PYRt2m,0.4739098315181293
SLFAT,0.0033319344973533685
SQ23EPXter,0.002086294899528823
SQLter,0.002086294899528823
SUCD2_u6m,0.2867992634125479
DASYNm_PP,1.990563747759444e-05
G6PI3,0.2971428279395497
PPTTm,8.372440263564734e-08
GGTT,8.372440263564734e-08
C3STDH2,0.002076072054521132
C3STKR2,0.002076072054521132
C4STMO2,0.002076072054521132
DHORD4i,0.007610338888618192
C22STDSx,0.001932117706453643
LNS14DMx,0.002076072054521132
THZPSN2_PP,8.37244026365147e-08
CTPtm,1.990563747759444e-05
D_LACt2m,-0.010561714148663581
IPDPtm,8.372440263564734e-08
PENDPtm,8.372440263564734e-08
GLUt7m,0.03925628457988545
TRDOXtp,0.0036038546122350115
TRDRDtp,-0.0036038546122350115
THIORDXp,-0.0036038546122350115
10FTHFtm,-0.014954830647625613
AHSERL2,0.0027896970958360577
AMPTASECG,-8.372440274406756e-08
ASP1DC,8.745507919738493e-06
ASPO6,1.6744880487751246e-07
FALDH2,1.0168
FALGTHLs,1.0168
GLYtm,-0.014954160852404525
GTHRDHpp,-8.372440274406756e-08
HSERTAm,0.002789780820238694
MAN1PT2,0.02847347619683283
MI3PP,7.560267844519259e-05
P5CRm,0.013579260863554926
PDHa1,0.3923120005737802
PDHa2,0.37643534210188967
PPItx,0.08741281833285862
PUTA3,-0.013579260863554926
THFtm,0.014954830647625613
FCYTB5R,0.006825485411479682
CYSTH2SS,0.0005422374015173065
E3MMALOR,0.0158766584718905
HISTD,0.006646043081256489
FCYTDESAT18,0.006825485411479682
PDHbrm,0.37643534210188967
HISTD1,0.006646043081256489
CITCONH,0.0158766584718905
E3MMALH,0.0158766584718905
ALACPYRL,0.0158766584718905
3H3M2OPR,0.0158766584718905
3H3M2OPS,0.0158766584718905
MI3PS,7.560267844519259e-05
CITMALS,0.0158766584718905
STEROLS,0.0016759281124480653
GLYCERIDES,0.0025571441950739257
LIPIDS,0.0035164249107177198
growth,0.08372440263613617
ACHMStm,-0.002789780820238694
HOMtm,-0.002789780820238695
1PYR5Ctm,0.013579260863554926
4MOPtm,-0.02527137369169134
MALSUCCtm,-6.697952210890894e-07
AKGMALtm,0.10514253343917179
FEt1m,8.372440263613617e-08
SERtm,0.014954830647625613
G5SADsm,0.013579260863554926
NADPPPS,-8.372440306672613e-08
QULNS,1.6744880487751246e-07
PHOSPHOLIPIDS,0.0007212187491882043
PROTEINS,0.04102495729170672
CARBOHYDRATES,0.02762905286992494
RNA,0.004856015352895898
DNA,8.372440263613618e-05
COF,0.08372440263613617
CERS124,1.3726044005736979e-05
CERS126,9.634786239835227e-06
LGTHL,0.008130045231955485
METOHte,-1.24
METOHtx,1.24
O2tx,-0.6181980726938825
CDPDGPm_PP,9.95281873879722e-06
13GS,0.08468304704631993
3C3HMPtm,-0.02527137369169134
3DSPHR,3.20026666342e-05
3MOBtm,-0.020808398854815047
3MOPtm,-0.0158766584718905
4HBZtm,8.372440263564734e-08
5AOPtm,-6.697952210890894e-07
AATA,0.02309705095523088
ABTA,8.37244026365147e-08
ACCOACr,0.06852783041802747
ACGAM6PS,0.005663955838334612
ACGAMPM,0.005663955838334612
ACGKm,0.029661044121903957
ACLSm,0.04607977254650639
ACOATA,0.008734450633891703
ACONT,0.08741281833285883
ACONTm,0.33161063595048373
ACOTAim,0.029661044121903957
ACS,0.09880289536208212
ACtm,0.0438883145465212
ADCL,8.372440263304526e-08
ADCS,8.372440263304526e-08
ADK1m,0.0438883145465212
ADNK1,0.0030982150740231796
ADSK,0.0033319344973533685
ADSL1r,0.011005502054844482
ADSL2r,0.007836566904827782
ADSS,0.011005502054844482
AGAT_PP,0.0032882436411260083
AGPRim,0.029661044121903957
AHCi,0.0030982150740231796
AHCYStm,-2.5117320790694203e-07
AICART,0.01448260998608427
AIRCr,0.007836566904827782
AKGDbm,0.2243248419665037
ALASm,6.697952210890894e-07
ALATA_L,-0.10071043516160078
AMETtm,2.511732079073757e-07
ANPRT,0.005087094704171634
ANS,0.005087094704171634
ARGSL,0.02498419899064939
ARGSSr,0.02498419899064939
ASADi,0.023917633825467657
ASNS1,0.015958708386473914
ASPCT,0.007610338888618192
ASPKi,0.023917633825467657
ASPTA,-0.14092563492155735
ASPTAm,0.0336450645274774
ATP2tp_H,0.08741281833285862
ATPM,1.96
ATPPRT,0.006646043081256489
ATPS3m,7.915787635643602
BPNT,0.0033319344973533685
C14STR,0.002076072054521132
C24STRer,0.001932117706453643
C3STDH1,0.002076072054521132
C3STKR1,0.002076072054521132
C4STMO1,0.002076072054521132
C5STDS,0.001932117706453643
C8STI,0.001964663906886293
CATp,0.6218019273061175
CBPS,0.03259453787926758
CHORM,0.01903558018335192
CHORS,0.024122842336328824
CHRPL,8.372440263564734e-08
CHTNS,0.005663955838334612
CITtam,0.049060653152324794
CITtcm,-0.024937810815996164
CLPNSm_PP,9.95281873879722e-06
CO2t,-2.3730679688968106
CO2tm,-1.0682366740410132
CPPPGO,8.372440263613617e-08
CSm,0.33161063595048373
CSp,0.08741281833285862
CTPS1,0.003775066335341276
CYTK1,-0.003021859880979201
DADK,-8.008239112146426e-05
DAGPYP_PP,0.0025260407134536454
DB4PS,3.348976105445447e-07
DCMPDA,-5.587766631935729e-05
DGK1,-5.587766631935729e-05
DHAD1m,0.04607977254650639
DHAD2m,0.0158766584718905
DHAK,0.22319999999999998
DHFRi,8.01661155240973e-05
DHFS,8.372440263304526e-08
DHNPAm,8.372440263304526e-08
DHORTS,-0.007610338888618192
DHQS,0.024122842336328824
DHQTi,0.024122842336328824
DMATT,0.004172673523460282
DOLPMTcer,0.028457924456022687
DPCOAK,8.745507919738493e-06
DPMVD,0.012518271743588752
DPR,8.745507919738493e-06
ENO,0.9966044986337133
FBA,0.27492537893343816
FCLTm,8.372440263613617e-08
FDH,0.9612963102305233
FE2t,8.372440263613617e-08
FMNAT,8.372440263613617e-08
FRTT,8.372440263564734e-08
FTHFLi,0.057580264170413585
FUM,0.10630068939636586
FUMm,0.2243248419665037
G3PD1ir,0.0032981964598648057
G6PDH2,0.288
GALU,0.13417373021886675
GAPD,0.9966044986337133
GARFTi,0.007836650629230418
GF6PTA,0.005663955838334612
GHMT2r,-0.04423909413382407
GHMT2rm,0.014954830647625613
GK1,5.604511512462924e-05
GLCS2,0.048875794526897214
GLNS,0.11804387350884799
GLUDyi,0.48060193048347455
GLUPRT,0.007836650629230418
GLYC3Ptmc,9.95281873879722e-06
GLYOX,0.008130045231955485
GMPS2,0.00347710793123979
GND,0.288
GRTT,0.004172673523460282
GTPCII,1.6744880527227235e-07
H2Ot,-4.780590112150668
H2Otm,-11.822271746595062
H2Otp,-1.1489833270549064
HACNHm,0.02309705095523088
HCITSm,0.02309705095523088
HEX1,0.42285717206045026
HISTP,0.006646043081256489
HMBS,8.372440263613617e-08
HMGCOAR,-0.012518271743588752
HMGCOAtm,-0.012518271743588752
HSDxi,0.023917633825467657
HSK,0.02112785300522896
HSTPT,0.006646043081256489
ICL,0.06247500751686266
GCALDD,1.6744880526955996e-07
GLYCLTDy,-1.6744880526955996e-07
IG3PS,0.006646043081256489
IGPDH,0.006646043081256489
IGPS,0.005087094704171634
ILETA,-0.0158766584718905
IMPC,-0.01448260998608427
IMPD,0.00347710793123979
IPDDI,0.004172673523460282
IPMD,0.02527137369169134
IPPMIa,-0.02527137369169134
IPPMIb,-0.02527137369169134
KARA1im,0.04607977254650639
LEUTA,-0.02527137369169134
LNSTLS,0.002086294899528823
MAN6PI,-0.02847347619683283
MCITDm,0.02309705095523088
MCOATA,0.04367225316945851
MDH,0.05021947890467778
MDHm,0.2804060524581296
METAT,0.00309821507402318
METS,0.005887912169859237
MEVK1,0.009496411862609551
MOHMT,8.745507919738493e-06
MTHFD,-0.05021583420272451
MTHFDm,0.014954830647625613
MTHFR3,0.005887912169859237
NADS1,1.6744880487751246e-07
NDPK1,0.011005669503649755
NDPK2,0.14361275239254265
NH4t,0.6024763293719696
NNAT,1.6744880487751246e-07
NNDPR,1.6744880487751246e-07
O2t,2.9071704540652124
O2tm,2.251116341375063
OAAt2m,0.017559518964876723
OCBTi,0.02498419899064939
OMPDC,0.007610338888618192
ORNt3m,0.029661044121903957
ORNTACim,0.029661044121903957
ORPT,-0.007610338888618192
PANTS,8.745507919738493e-06
PAPSR,0.0033319344973533685
PC,0.24392417798727248
PDHcm,0.6007601840683934
PETOHM_PP,0.00036536941833874433
PFK,0.27492537893343816
PGK,-0.9966044986337133
PGL,0.288
PGM,-0.9966044986337133
PGMT,-0.13417373021886675
PGPPAm_PP,9.95281873879722e-06
PHETA1,-0.011281863255219349
PINOS_PP,7.560267844519259e-05
PIt2r,0.016226850910161184
PMANM,-0.02847347619683283
PMDPHT,1.6744880527227235e-07
PMEVK,0.012518271743588752
PMPK,8.37244026365147e-08
PNTK,8.745507919738493e-06
PPA,0.4437645848458251
PPAm,0.04390838763280406
PPBNGS,3.348976105445447e-07
PPCDC,8.745507919738493e-06
PPCK,0.04824568467265765
PPND2,0.007753716928132571
PPNDH,0.011281863255219349
PPPG9tm,8.372440263613617e-08
PPPGOm,4.186220131806809e-08
PRAGSr,0.007836650629230418
PRAIi,0.005087094704171634
PRAIS,0.007836650629230418
PRAMPC,0.006646043081256489
PRASCS,0.007836566904827782
PRATPP,0.006646043081256489
PRFGS,0.007836650629230418
PRMICIi,0.006646043081256489
PRPPS,0.02718029475208161
PSCVTi,0.024122842336328824
PTPATi,8.745507919738493e-06
PYK,0.9966044986337133
PYRDC,0.22731424742122325
RBFK,1.6744880527227235e-07
RBFSa,3.348976105445447e-07
RBFSb,1.6744880527227235e-07
RNDR1,8.008239112146426e-05
RNDR2,5.587766631935729e-05
RNDR4,0.00013596005744082154
RPE,0.2402385769718272
RPI,-0.04776108813056224
SACCD1,0.02309705095523088
SACCD2,0.02309705095523088
SAM24MT,0.0019972101073189425
SERPT,3.20026666342e-05
SFGTH,1.0168
SHK3D,0.024122842336328824
SHKK,0.024122842336328824
SO4ti,0.0033319344973533685
SQLErx,0.002086294899528823
SQLS,0.002086294899528823
SSALy,8.37244026365147e-08
SUCFUMtm,0.062474421446044204
SUCOASm,-0.22432417217128262
SULR,-0.0033319344973533685
TALA,0.015462115711306665
THMP,8.372440263613617e-08
THRS,0.02112785300522896
TKT1,0.020580709654077996
TKT2,-0.003542132682250773
TMDS,8.008239112146426e-05
TMPPP,8.37244026365147e-08
TPI,0.491815563735583
TRE6PP,0.0006078391631383486
TRE6PS,0.0006078391631383486
TRIGS_PP,0.0016749294477734213
TRPS1,0.005087094704171634
TYRTAi,0.007753716928132571
UDPACGLP,0.005663955838334612
UMPK,0.0039110263927820965
UPP3S,8.372440263613617e-08
UPPDC1,8.372440263613617e-08
URIDK2r,-0.00013596005744082154
VALTA,-0.02079965334689531
CYOOm,2.251116006477453
D_LACDcm,0.008130045231955485
AGTi,0.06247517496573011
AOD,1.24
GAT1_PP,0.0032882436411260083
PMETM_PP,0.00036536941833874433
DAS,0.22319999999999998
EPISTAT_PP,6.401721878459823e-06
ERGSTAT_PP,0.0003800406815154899
FECOSTAT_PP,6.401721878459823e-06
LANOSTAT_PP,2.0107972566957136e-06
ZYMSTAT_PP,1.5511864551652648e-05
DASYN_PP,0.0007245553089647389
PSERS_PP,0.0006489526305195462
PSERDm_PP,0.0006024340211969071
2HMHMBQMTm,8.372440263564734e-08
MFAPS_PP,0.00036536941833874433
3DH5HPBMTm,8.372440263564734e-08
2HP6MPMOm,8.372440263564734e-08
2HPMBQMTm,8.372440263564734e-08
2HPMMBQMOm,8.372440263564734e-08
HBZOPT6m,8.372440263564734e-08
3OPHB5Hm,8.372440263564734e-08
3HPH5MBDCm,8.372440263564734e-08
2OBUTtm,0.0158766584718905
PStm_PP,0.0006024340211969071
COAtim,0.012518271743588744
PEtm_PP,-0.0006024340211969071
DHAtx,0.22319999999999998
G3Ptx,0.22319999999999998
FALDtx,1.0168
XU5Ptx,0.22319999999999998
Ht,-0.6675094242097872
Ex_h2o,4.780590112150668
Ex_glc_D,-0.72
Ex_nh4,-0.6024763293719696
Ex_pi,-0.016226850910161184
Ex_h,0.6512824895752234
Ex_o2,-2.9071704540652124
Ex_so4,-0.0033319344973533685
Ex_fe2,-8.372440263613617e-08
Ex_co2,2.3730679688968106
Ex_meoh,-1.24
Ex_btn,-8.372440263613617e-08
Ex_biomass,0.08372440263613617
Htr,0.004018412605982466
FAS1_4,0.008734450633891703
FAS1_6,0.008734450633891703
FAS1_8,0.008734450633891703
FAS1_10,0.008734450633891703
FAS1_12,0.008734450633891703
FAS2_4,0.008734450633891703
FAS2_6,0.008734450633891703
FAS2_8,0.008734450633891703
FAS2_10,0.008734450633891703
FAS2_12,0.008734450633891703
FAS3_4,0.008734450633891703
FAS3_6,0.008734450633891703
FAS3_8,0.008734450633891703
FAS3_10,0.008734450633891703
FAS3_12,0.008734450633891703
FAS4_4,0.008734450633891703
FAS4_6,0.008734450633891703
FAS4_8,0.008734450633891703
FAS4_10,0.008734450633891703
FAS4_12,0.008734450633891703
FAS5_12,0.008734450633891703
FAE1_14,0.008734450633891703
FAE1_16,0.008699803499823277
FAE1_18,0.007203017301603731
FAE1_20,5.800796431399699e-05
FAE1_22,5.800796431399699e-05
FAE1_24,5.800796431399699e-05
FAE1_26,4.428192030826001e-05
FAE2_14,0.008734450633891703
FAE2_16,0.008699803499823277
FAE2_18,0.007203017301603731
FAE2_20,5.800796431399699e-05
FAE2_22,5.800796431399699e-05
FAE2_24,5.800796431399699e-05
FAE2_26,4.428192030826001e-05
FAE3_14,0.008734450633891703
FAE3_16,0.008699803499823277
FAE3_18,0.007203017301603731
FAE3_20,5.800796431399699e-05
FAE3_22,5.800796431399699e-05
FAE3_24,5.800796431399699e-05
FAE3_26,4.428192030826001e-05
FAE4_14,0.008734450633891703
FAE4_16,0.008699803499823277
FAE4_18,0.007203017301603731
FAE4_20,5.800796431399699e-05
FAE4_22,5.800796431399699e-05
FAE4_24,5.800796431399699e-05
FAE4_26,4.428192030826001e-05
biomass_glc_meoh_60/40,0.08372440263613617
